,명칭,x,y,시설명
0,(구)읍사무소,36.870388,128.524575,버스정류장
1,SK주유소앞,36.832176,128.638726,버스정류장
2,가천,36.801315,128.589752,버스정류장
3,가흥동,36.813366,128.606163,버스정류장
4,가흥동,36.823266,128.605155,버스정류장
5,가흥동,36.818269,128.604786,버스정류장
6,가흥주공임대아파트,36.809052,128.610194,버스정류장
7,가흥주공임대아파트,36.809139,128.610262,버스정류장
8,가흥초등학교,36.814965,128.60858,버스정류장
9,가흥초등학교,36.814851,128.608706,버스정류장
10,갈분기도원,36.763044,128.730601,버스정류장
11,갈분기도원,36.763109,128.730486,버스정류장
12,갈분네.오운2리,36.759999,128.729381,버스정류장
13,갈분네.오운2리,36.759975,128.729512,버스정류장
14,갈산1리,36.77931,128.548253,버스정류장
15,갈산1리,36.781112,128.546295,버스정류장
16,갈산1리,36.779273,128.548127,버스정류장
17,갈산1리,36.781236,128.546292,버스정류장
18,갈산1리.갈미,36.779002,128.549786,버스정류장
19,갈산1리.갈미,36.779105,128.549745,버스정류장
20,갈산2리,36.794406,128.561572,버스정류장
21,갈산2리,36.794513,128.561558,버스정류장
22,갈산2리.바우실,36.781665,128.566964,버스정류장
23,갈산2리.바우실,36.781548,128.566987,버스정류장
24,갈산3리,36.769766,128.560979,버스정류장
25,갈산3리,36.769899,128.561051,버스정류장
26,갈산3리,36.769788,128.561136,버스정류장
27,갈산리,36.772701,128.555884,버스정류장
28,갈산리,36.772671,128.556011,버스정류장
29,감곡1리,36.917049,128.657467,버스정류장
30,감곡1리,36.916965,128.657383,버스정류장
31,갓골,36.859343,128.624424,버스정류장
32,거리마을,36.801543,128.600222,버스정류장
33,건강나라건너,36.824909,128.616261,버스정류장
34,경북약국,36.825932,128.625852,버스정류장
35,경북약국,36.823417,128.622952,버스정류장
36,경북전문대학교,36.807563,128.615643,버스정류장
37,경북전문대학교건너,36.807739,128.615802,버스정류장
38,경일아파트,36.82878,128.636647,버스정류장
39,경일아파트건너,36.828746,128.636519,버스정류장
40,고현동,36.856879,128.60825,버스정류장
41,고현동,36.852924,128.607777,버스정류장
42,고현동,36.852906,128.607644,버스정류장
43,고현동,36.856855,128.608117,버스정류장
44,곰마,36.99884,128.655093,버스정류장
45,곰마,36.998943,128.655128,버스정류장
46,관음사삼거리,36.824139,128.648414,버스정류장
47,관음사삼거리,36.824073,128.648441,버스정류장
48,괴산올갱이,36.814286,128.618065,버스정류장
49,교촌1리.향교앞,36.881802,128.524923,버스정류장
50,교촌1리.향교앞,36.881822,128.525055,버스정류장
51,구구1리,36.913383,128.60772,버스정류장
52,구구1리,36.913694,128.608286,버스정류장
53,구구1리.오현,36.913716,128.608137,버스정류장
54,구구2리,36.900474,128.608565,버스정류장
55,구구2리,36.900582,128.60858,버스정류장
56,구구3리,36.906767,128.623758,버스정류장
57,구두둘,36.901792,128.611905,버스정류장
58,구두둘,36.901688,128.61195,버스정류장
59,궁터,36.730513,128.581004,버스정류장
60,권선리,36.771405,128.606145,버스정류장
61,권선리,36.771334,128.606241,버스정류장
62,권선밭,36.775352,128.610839,버스정류장
63,권선밭,36.775253,128.610924,버스정류장
64,그랜드모텔,36.81264,128.621275,버스정류장
65,금강이주단지,36.730335,128.675166,버스정류장
66,금강이주단지,36.730258,128.675261,버스정류장
67,금강주유소,36.864909,128.534307,버스정류장
68,금강주유소,36.865332,128.534329,버스정류장
69,금계,36.893694,128.523125,버스정류장
70,금계,36.893737,128.523255,버스정류장
71,금계2리,36.890093,128.525196,버스정류장
72,금계2리,36.890043,128.525078,버스정류장
73,금계리,36.884102,128.518517,버스정류장
74,금계리,36.884208,128.518535,버스정류장
75,금곡마을,36.709394,128.714375,버스정류장
76,금곡마을,36.711394,128.714808,버스정류장
77,금영골,36.720036,128.594377,버스정류장
78,금영골,36.719913,128.594316,버스정류장
79,꽃동산,36.814662,128.619096,버스정류장
80,꽃동산,36.814613,128.618925,버스정류장
81,남동,36.917017,128.607617,버스정류장
82,남동,36.916965,128.607744,버스정류장
83,남부육거리,36.808436,128.618397,버스정류장
84,남부초등학교건너,36.808422,128.617899,버스정류장
85,남산초등학교,36.814921,128.627574,버스정류장
86,남산초등학교건너,36.815697,128.627723,버스정류장
87,남원대교 앞,36.868767,128.524524,버스정류장
88,내림1리,36.816836,128.696964,버스정류장
89,내림2리.안수구리,36.823599,128.697936,버스정류장
90,내림2리.안수구리,36.823628,128.698067,버스정류장
91,내죽1리,36.920894,128.573916,버스정류장
92,내죽1리,36.920889,128.57405,버스정류장
93,내죽2리,36.929148,128.571603,버스정류장
94,내죽2리,36.929087,128.571492,버스정류장
95,내줄,36.84337,128.560358,버스정류장
96,내줄리,36.838576,128.561896,버스정류장
97,내줄리,36.835214,128.564619,버스정류장
98,내줄리,36.835299,128.564649,버스정류장
99,내줄리,36.838591,128.561679,버스정류장
100,노곡1리.두신동,36.968587,128.637335,버스정류장
101,노곡1리.두신동,36.968634,128.637214,버스정류장
102,노좌,36.79545,128.501354,버스정류장
103,노좌,36.795465,128.501222,버스정류장
104,노트리교,36.743064,128.630295,버스정류장
105,노트리교,36.743004,128.63017,버스정류장
106,녹동,36.737949,128.646709,버스정류장
107,녹동,36.737858,128.646641,버스정류장
108,농공단지,36.862568,128.530842,버스정류장
109,농공단지,36.862458,128.530784,버스정류장
110,농공단지입구,36.831623,128.596592,버스정류장
111,농공단지입구,36.831615,128.596278,버스정류장
112,농협가흥지점,36.816173,128.60489,버스정류장
113,다미안의원,36.839556,128.652796,버스정류장
114,다미안의원,36.839672,128.652885,버스정류장
115,단곡1리.진막,36.948039,128.598675,버스정류장
116,단곡1리.진막,36.948119,128.598584,버스정류장
117,단산.오상,36.891708,128.627562,버스정류장
118,단운,36.839355,128.651027,버스정류장
119,단운,36.839412,128.650802,버스정류장
120,단촌2리,36.895542,128.556281,버스정류장
121,단촌2리,36.895653,128.556299,버스정류장
122,단촌리,36.875799,128.57663,버스정류장
123,단촌리,36.875833,128.57676,버스정류장
124,대경주유소,36.80789,128.62594,버스정류장
125,대승공구철물,36.829235,128.634536,버스정류장
126,대양리.문고개.궁터,36.734144,128.594698,버스정류장
127,대양리.문고개.궁터,36.734174,128.594468,버스정류장
128,대양리.문고개.궁터,36.734265,128.59464,버스정류장
129,대양리.전닷,36.735839,128.596525,버스정류장
130,대양리.전닷,36.735928,128.596442,버스정류장
131,대양리.화방,36.72601,128.594559,버스정류장
132,대양리.화방,36.725999,128.594693,버스정류장
133,대영연합의원,36.812772,128.621274,버스정류장
134,대영중.고,36.807005,128.629001,버스정류장
135,대영중.고앞,36.807168,128.628883,버스정류장
136,대촌,36.846497,128.52628,버스정류장
137,대촌,36.846496,128.526149,버스정류장
138,대평,36.886921,128.566369,버스정류장
139,대평리,36.887006,128.566053,버스정류장
140,대평리,36.887104,128.56611,버스정류장
141,덕골.두월,36.80598,128.717436,버스정류장
142,덕골.두월,36.806022,128.717641,버스정류장
143,덕골.두월,36.806099,128.717487,버스정류장
144,덕산빌라,36.825444,128.636502,버스정류장
145,덕현,36.947923,128.553909,버스정류장
146,덕현,36.947952,128.554039,버스정류장
147,도봉,36.919743,128.65128,버스정류장
148,도봉,36.919614,128.651402,버스정류장
149,도봉,36.919713,128.651475,버스정류장
150,도탄,36.941522,128.649969,버스정류장
151,도탄,36.941447,128.650091,버스정류장
152,도탄,36.943937,128.650668,버스정류장
153,도탄,36.943964,128.650538,버스정류장
154,독점,36.977444,128.595998,버스정류장
155,독점,36.977352,128.595929,버스정류장
156,돌고개,36.819498,128.715642,버스정류장
157,돌고개,36.819547,128.715522,버스정류장
158,동막,36.736342,128.688905,버스정류장
159,동막,36.736422,128.688998,버스정류장
160,동부1리,36.869373,128.528066,버스정류장
161,동부1리,36.869246,128.528097,버스정류장
162,동산교회,36.827469,128.631098,버스정류장
163,동산교회건너,36.827382,128.630791,버스정류장
164,동양대학교,36.883035,128.534122,버스정류장
165,동양대학교,36.880273,128.534389,버스정류장
166,동양대학교,36.883059,128.533996,버스정류장
167,동양대학교,36.881398,128.533653,버스정류장
168,동양대학교,36.882057,128.533389,버스정류장
169,동원1리.구미,36.88048,128.612346,버스정류장
170,동원1리.구미,36.880373,128.612343,버스정류장
171,동원2리,36.878841,128.605917,버스정류장
172,동원2리,36.878733,128.605938,버스정류장
173,동촌.조개섬,36.880365,128.591007,버스정류장
174,동촌.조개섬,36.88047,128.591043,버스정류장
175,동촌.피끝,36.878723,128.593487,버스정류장
176,동촌.피끝,36.878634,128.593397,버스정류장
177,동촌1리,36.874128,128.594845,버스정류장
178,동촌1리,36.874116,128.594711,버스정류장
179,동촌1리.피끝,36.872037,128.594827,버스정류장
180,동촌1리.피끝,36.872037,128.594693,버스정류장
181,동촌리,36.868708,128.595061,버스정류장
182,동촌리,36.86642,128.59764,버스정류장
183,동촌리,36.868176,128.595516,버스정류장
184,동촌리,36.866322,128.59758,버스정류장
185,동호이주단지,36.735725,128.680935,버스정류장
186,동호이주단지,36.73553,128.681309,버스정류장
187,두산1리,36.861724,128.479785,버스정류장
188,두산1리,36.861733,128.479632,버스정류장
189,두산2리,36.866838,128.494622,버스정류장
190,두산2리,36.866382,128.494216,버스정류장
191,두산2리.소미,36.867839,128.496594,버스정류장
192,두산2리.소미,36.867771,128.496654,버스정류장
193,두월2리.해맬,36.812466,128.708848,버스정류장
194,두월2리.해맬,36.812359,128.708871,버스정류장
195,두월교차로,36.798498,128.693423,버스정류장
196,두월교차로,36.798396,128.693473,버스정류장
197,두전,36.778168,128.583912,버스정류장
198,두전,36.777957,128.58319,버스정류장
199,두전1리,36.812984,128.57361,버스정류장
200,두전2리.모전,36.795396,128.578484,버스정류장
201,두전2리.모전,36.795342,128.578361,버스정류장
202,두전3리,36.788702,128.590517,버스정류장
203,두전3리,36.7886,128.590696,버스정류장
204,두전3리.고지골,36.784528,128.580401,버스정류장
205,두전3리.고지골,36.784466,128.580512,버스정류장
206,두전교차로,36.794841,128.591642,버스정류장
207,두전전원마을,36.798453,128.589699,버스정류장
208,두전전원마을,36.798447,128.589564,버스정류장
209,둘구비,36.814158,128.655758,버스정류장
210,둘구비,36.814047,128.655731,버스정류장
211,막현,36.752769,128.63666,버스정류장
212,막현,36.752869,128.636713,버스정류장
213,만방,36.776912,128.653851,버스정류장
214,만방,36.77699,128.653944,버스정류장
215,만방1리.자만동,36.765783,128.644494,버스정류장
216,만방2리,36.74961,128.669604,버스정류장
217,만방리,36.776262,128.655086,버스정류장
218,만방리,36.776374,128.655119,버스정류장
219,멱실,36.701367,128.593563,버스정류장
220,명암정,36.955826,128.655204,버스정류장
221,명암정,36.955915,128.655124,버스정류장
222,못골마을,36.839702,128.65959,버스정류장
223,못골마을,36.83981,128.659565,버스정류장
224,묵리,36.814637,128.561904,버스정류장
225,묵리,36.814536,128.561853,버스정류장
226,문고개,36.73387,128.589769,버스정류장
227,문고개,36.733786,128.589851,버스정류장
228,문수역,36.76856,128.630035,버스정류장
229,문수역,36.768498,128.630157,버스정류장
230,물문화관,36.725643,128.655335,버스정류장
231,물문화관,36.725574,128.655441,버스정류장
232,미곡리,36.893874,128.546084,버스정류장
233,미곡리,36.893789,128.546165,버스정류장
234,미림,36.71867,128.650084,버스정류장
235,미림,36.718779,128.650101,버스정류장
236,반구,36.77618,128.580357,버스정류장
237,반구,36.776145,128.580138,버스정류장
238,반구2리.덕암,36.783321,128.590815,버스정류장
239,반구2리.덕암,36.783398,128.59072,버스정류장
240,방갓마을,36.786132,128.631921,버스정류장
241,방갓마을,36.786078,128.632043,버스정류장
242,배점1리.하평,36.930299,128.558079,버스정류장
243,배점1리.하평,36.930224,128.557981,버스정류장
244,배점2리,36.935648,128.553372,버스정류장
245,배점2리,36.93835,128.553373,버스정류장
246,배점2리,36.938412,128.553485,버스정류장
247,배점2리,36.935654,128.553505,버스정류장
248,백1리,36.887235,128.506737,버스정류장
249,백리,36.875676,128.51298,버스정류장
250,백리,36.875576,128.512928,버스정류장
251,백마가구사앞,36.826851,128.625936,버스정류장
252,백신1리,36.879172,128.499459,버스정류장
253,백신1리,36.879283,128.499465,버스정류장
254,백신2리,36.88386,128.488149,버스정류장
255,번개,36.833587,128.694998,버스정류장
256,번개,36.833488,128.69507,버스정류장
257,병산1리,36.925225,128.609307,버스정류장
258,병산1리,36.925198,128.609175,버스정류장
259,병산2리,36.934781,128.61353,버스정류장
260,병산2리,36.934741,128.613656,버스정류장
261,병산3리.젓돌,36.942712,128.615284,버스정류장
262,병산3리.젓돌,36.942661,128.615181,버스정류장
263,보계1리.광창,36.931833,128.645362,버스정류장
264,보계1리.광창,36.93717,128.636768,버스정류장
265,보계1리.광창,36.931795,128.645488,버스정류장
266,보계1리.광창,36.937114,128.63688,버스정류장
267,보계1리.뿔바우,36.94553,128.639617,버스정류장
268,보계1리.뿔바우,36.945407,128.639588,버스정류장
269,보계2리.모치,36.92364,128.620666,버스정류장
270,보계2리.모치,36.923634,128.620801,버스정류장
271,보계2리.오룡동,36.917457,128.613447,버스정류장
272,보계2리.오룡동,36.917424,128.613576,버스정류장
273,보름골,36.846906,128.639962,버스정류장
274,보름골,36.846804,128.639901,버스정류장
275,복지1리,37.003102,128.674271,버스정류장
276,봉암리,36.84249,128.547308,버스정류장
277,봉암리,36.830702,128.539392,버스정류장
278,봉암리,36.830711,128.539524,버스정류장
279,봉암리,36.842595,128.547266,버스정류장
280,봉현면사무소,36.861201,128.525518,버스정류장
281,봉현면사무소,36.861284,128.525617,버스정류장
282,봉현사거리,36.865907,128.523192,버스정류장
283,봉현사거리,36.866036,128.523021,버스정류장
284,부석면사무소,36.978615,128.654272,버스정류장
285,부석면사무소,36.978512,128.654323,버스정류장
286,부석사,36.995047,128.682033,버스정류장
287,부석주유소,36.974665,128.653533,버스정류장
288,부석주유소,36.974604,128.653644,버스정류장
289,부석중학교,36.977275,128.652825,버스정류장
290,부석중학교,36.977356,128.652737,버스정류장
291,부영아파트,36.816212,128.604747,버스정류장
292,부영아파트,36.818265,128.604652,버스정류장
293,북지1리.갓띠,36.995136,128.673898,버스정류장
294,북지1리.갓띠,36.994996,128.673911,버스정류장
295,북지1리.갓띠,36.995051,128.673685,버스정류장
296,분계,36.71742,128.601047,버스정류장
297,분계,36.717365,128.601128,버스정류장
298,비상급수대앞,36.83352,128.634163,버스정류장
299,사천1리,36.889959,128.596264,버스정류장
300,사천1리,36.889857,128.596312,버스정류장
301,사천2리,36.901978,128.600894,버스정류장
302,사천2리,36.90198,128.601028,버스정류장
303,사천리,36.89236,128.59813,버스정류장
304,사천리,36.892335,128.598261,버스정류장
305,산법,36.875421,128.543037,버스정류장
306,산법.아로농장,36.872263,128.54538,버스정류장
307,삼가교입구,36.920115,128.509648,버스정류장
308,삼가교입구,36.920051,128.509539,버스정류장
309,삼가리,36.912828,128.515398,버스정류장
310,삼가리,36.921828,128.506847,버스정류장
311,삼가리,36.912815,128.515264,버스정류장
312,삼가리.비로사,36.869357,128.525052,버스정류장
313,삼성C&C앞,36.820657,128.621166,버스정류장
314,삼일연립,36.865064,128.532174,버스정류장
315,삼일주유소,36.829061,128.634122,버스정류장
316,삽제,36.841667,128.66438,버스정류장
317,삽제,36.841588,128.66447,버스정류장
318,상가시장앞,36.823419,128.625117,버스정류장
319,상망동,36.849885,128.637631,버스정류장
320,상망동,36.830671,128.63445,버스정류장
321,상망동,36.85701,128.638218,버스정류장
322,상망동,36.857034,128.63835,버스정류장
323,상망동,36.850633,128.637174,버스정류장
324,상망동주민센터앞,36.827757,128.628108,버스정류장
325,상망동주민센터앞,36.827667,128.627773,버스정류장
326,상망육교,36.836283,128.641471,버스정류장
327,상망육교,36.836154,128.641543,버스정류장
328,상석.평촌,36.935217,128.646244,버스정류장
329,상석.평촌,36.935228,128.64611,버스정류장
330,상줄동,36.833535,128.584653,버스정류장
331,상줄동,36.833209,128.573731,버스정류장
332,상줄동,36.834786,128.570752,버스정류장
333,상줄동,36.833609,128.584752,버스정류장
334,상줄동,36.833308,128.573786,버스정류장
335,상줄동,36.834876,128.570826,버스정류장
336,상태장,36.924582,128.537034,버스정류장
337,새두들,36.975798,128.685179,버스정류장
338,새두들,36.975749,128.68504,버스정류장
339,새마,36.881951,128.571975,버스정류장
340,새마,36.881891,128.571861,버스정류장
341,새마을,36.740476,128.601615,버스정류장
342,새마을,36.740529,128.601497,버스정류장
343,새뱅이삼거리,36.755735,128.677394,버스정류장
344,새뱅이삼거리,36.7558,128.677289,버스정류장
345,새뱅이삼거리,36.755693,128.677255,버스정류장
346,새터,36.740007,128.714253,버스정류장
347,새터,36.740115,128.714253,버스정류장
348,샘골,36.831124,128.514368,버스정류장
349,샘골,36.831138,128.514233,버스정류장
350,샛골,36.728055,128.607392,버스정류장
351,샛골,36.728037,128.607531,버스정류장
352,샛빛학원,36.817795,128.627654,버스정류장
353,생현1리,36.855125,128.542951,버스정류장
354,생현리,36.855401,128.542691,버스정류장
355,서부3리,36.876645,128.525702,버스정류장
356,서부3리,36.876635,128.525568,버스정류장
357,서부름,36.784559,128.722506,버스정류장
358,서부름,36.784539,128.722374,버스정류장
359,서부리,36.874479,128.526221,버스정류장
360,서부리,36.874538,128.526248,버스정류장
361,서부주유소,36.83094,128.611643,버스정류장
362,서부초등학교,36.832084,128.611492,버스정류장
363,석교1리,36.909297,128.577777,버스정류장
364,석교1리,36.909309,128.577642,버스정류장
365,석교2리.돌다리,36.912836,128.571783,버스정류장
366,석교2리.돌다리,36.912691,128.571582,버스정류장
367,석교리,36.907181,128.577661,버스정류장
368,석교리,36.90717,128.577528,버스정류장
369,석천,36.737964,128.634957,버스정류장
370,석천,36.737901,128.635074,버스정류장
371,석포,36.831644,128.691636,버스정류장
372,석포,36.827057,128.671926,버스정류장
373,석포,36.831828,128.691631,버스정류장
374,석포,36.827164,128.671885,버스정류장
375,석포,36.831645,128.6915,버스정류장
376,석포1리,36.830879,128.706417,버스정류장
377,석포1리,36.833038,128.701377,버스정류장
378,석포1리,36.832938,128.70132,버스정류장
379,석포1리,36.83077,128.706419,버스정류장
380,석포1리.번개,36.834303,128.698269,버스정류장
381,석포1리.번개,36.834402,128.698221,버스정류장
382,석포2리.야곡,36.830439,128.688723,버스정류장
383,석포2리.야곡,36.830331,128.688735,버스정류장
384,선비촌,36.926965,128.579757,버스정류장
385,선비촌,36.927054,128.579676,버스정류장
386,선영여자고등학교,36.817682,128.641592,버스정류장
387,선영여자고등학교,36.817592,128.641677,버스정류장
388,설악건강원,36.825792,128.618676,버스정류장
389,성곡리,36.781362,128.532413,버스정류장
390,성황타일도기사,36.821823,128.623519,버스정류장
391,세영리첼.자인병원,36.814678,128.605519,버스정류장
392,세영체시빌아파트,36.818299,128.635472,버스정류장
393,세영체시빌앞,36.818894,128.635611,버스정류장
394,세영첼시빌아파트,36.818505,128.635112,버스정류장
395,센텀파크.피카소,36.810915,128.607793,버스정류장
396,센텀파크.피카소,36.81083,128.607694,버스정류장
397,소룡2리,36.737499,128.5746,버스정류장
398,소룡3리,36.747459,128.57148,버스정류장
399,소룡3리,36.747666,128.574801,버스정류장
400,소룡3리,36.747349,128.571397,버스정류장
401,소룡3리,36.747558,128.574788,버스정류장
402,소룡3리,36.747315,128.571558,버스정류장
403,소룡3리.소룡산,36.747297,128.581922,버스정류장
404,소룡리,36.737318,128.570483,버스정류장
405,소룡리,36.737224,128.570412,버스정류장
406,소바우,36.83076,128.710235,버스정류장
407,소바우,36.830865,128.710266,버스정류장
408,소방파출소,36.872951,128.519754,버스정류장
409,소방파출소,36.873025,128.519854,버스정류장
410,소백목욕탕,36.871061,128.522928,버스정류장
411,소백산약국,36.870427,128.52483,버스정류장
412,소백산약국,36.824643,128.62128,버스정류장
413,소벡목욕탕,36.871032,128.522683,버스정류장
414,소수서원,36.924703,128.578142,버스정류장
415,소수서원,36.924675,128.578272,버스정류장
416,소천,36.985395,128.65887,버스정류장
417,소천,36.980136,128.657337,버스정류장
418,소천,36.985509,128.658948,버스정류장
419,소천,36.985322,128.65902,버스정류장
420,소천,36.980119,128.657463,버스정류장
421,소천,36.980028,128.657778,버스정류장
422,소천6리.탑평,36.987308,128.660406,버스정류장
423,소천6리.탑평,36.987381,128.660303,버스정류장
424,수도리,36.724581,128.630329,버스정류장
425,수도리,36.724602,128.630462,버스정류장
426,수사,36.954126,128.654201,버스정류장
427,수사,36.953208,128.654609,버스정류장
428,수철,36.895771,128.467479,버스정류장
429,수철,36.89345,128.46903,버스정류장
430,수철,36.895871,128.467527,버스정류장
431,수철,36.893445,128.469214,버스정류장
432,수철리,36.902891,128.464923,버스정류장
433,수철리,36.890384,128.47407,버스정류장
434,수철리,36.902993,128.464868,버스정류장
435,수철리,36.890478,128.47412,버스정류장
436,수청정미소,36.797667,128.630747,버스정류장
437,순흥,36.91468,128.576039,버스정류장
438,순흥,36.914633,128.575906,버스정류장
439,숲실,36.997982,128.651914,버스정류장
440,숲실,36.998076,128.651981,버스정류장
441,시르미.해멜,36.80317,128.708313,버스정류장
442,시르미.해멜,36.803279,128.708313,버스정류장
443,시립도서관,36.825741,128.618187,버스정류장
444,시립도서관건너,36.825066,128.616298,버스정류장
445,시민교회앞,36.819825,128.627067,버스정류장
446,시민운동장,36.807963,128.611148,버스정류장
447,시민운동장앞,36.807792,128.611193,버스정류장
448,시영아파트.청하요양병원,36.835632,128.609697,버스정류장
449,시영아파트.청하요양병원,36.835604,128.609847,버스정류장
450,시외버스정류장,36.826761,128.618708,버스정류장
451,시의회건너,36.827684,128.625294,버스정류장
452,시장순대,36.814152,128.618074,버스정류장
453,신방,36.754611,128.669551,버스정류장
454,신방,36.754545,128.669443,버스정류장
455,신암1리.어름골,36.853356,128.689993,버스정류장
456,신암1리.어름골,36.853419,128.690082,버스정류장
457,신암2리,36.844376,128.695876,버스정류장
458,신암2리,36.842086,128.697438,버스정류장
459,신암2리,36.844449,128.695978,버스정류장
460,신암2리,36.841998,128.697357,버스정류장
461,신암3리,36.846317,128.682987,버스정류장
462,신암3리,36.846249,128.682883,버스정류장
463,신암3리.미륵당,36.840384,128.686439,버스정류장
464,신암3리.미륵당,36.84042,128.686566,버스정류장
465,신암리,36.854336,128.67969,버스정류장
466,신암리,36.854305,128.679827,버스정류장
467,신영주교회,36.816888,128.62026,버스정류장
468,신영주교회건너,36.816782,128.620378,버스정류장
469,신전1리,36.846253,128.556111,버스정류장
470,신전1리,36.846327,128.556082,버스정류장
471,신전1리,36.846768,128.555994,버스정류장
472,신전1리,36.844748,128.559628,버스정류장
473,신전1리,36.846991,128.555826,버스정류장
474,신전2리,36.851804,128.550204,버스정류장
475,신전3리.향산,36.844524,128.551629,버스정류장
476,신전3리.향산,36.844418,128.551671,버스정류장
477,신전리.안심리,36.852405,128.549958,버스정류장
478,신천2리.새해,36.778296,128.677862,버스정류장
479,아디다스,36.823156,128.623083,버스정류장
480,아랫귀내,36.839835,128.615959,버스정류장
481,아랫귀내,36.839931,128.616024,버스정류장
482,아지동,36.861174,128.60512,버스정류장
483,아지동,36.856235,128.593953,버스정류장
484,아지동,36.856323,128.594043,버스정류장
485,아지동,36.861253,128.605218,버스정류장
486,아천마을,36.781622,128.624963,버스정류장
487,아천마을,36.781515,128.62499,버스정류장
488,안미곡리,36.896158,128.549196,버스정류장
489,안미곡리,36.896104,128.549327,버스정류장
490,안심1리,36.850011,128.561673,버스정류장
491,안심1리,36.849905,128.561631,버스정류장
492,안심1리,36.851348,128.563049,버스정류장
493,안심1리,36.851415,128.562945,버스정류장
494,여륵2리,36.798816,128.534195,버스정류장
495,여륵2리,36.79886,128.53432,버스정류장
496,여륵2리.탑골,36.794572,128.532786,버스정류장
497,연풍사,36.897121,128.522949,버스정류장
498,연풍사,36.897147,128.522819,버스정류장
499,영광고교,36.842219,128.641916,버스정류장
500,영광고교,36.84212,128.641775,버스정류장
501,영광고등학교,36.840174,128.641764,버스정류장
502,영광고등학교,36.840309,128.641638,버스정류장
503,영광중학교,36.827254,128.619051,버스정류장
504,영광중학교건너,36.827223,128.619366,버스정류장
505,영동삼거리,36.811295,128.628347,버스정류장
506,영동삼거리,36.810404,128.628335,버스정류장
507,영주IC.꽃계,36.773133,128.571113,버스정류장
508,영주IC.꽃계,36.773042,128.571195,버스정류장
509,영주경찰서,36.822995,128.609938,버스정류장
510,영주고등학교,36.820928,128.640818,버스정류장
511,영주고등학교,36.820827,128.640776,버스정류장
512,영주고추시장,36.837258,128.647208,버스정류장
513,영주고추시장,36.837414,128.647343,버스정류장
514,영주관광,36.876498,128.594251,버스정류장
515,영주관광,36.876515,128.594383,버스정류장
516,영주농협꽃동산지점,36.81365,128.619439,버스정류장
517,영주무섬마을,36.73257,128.620699,버스정류장
518,영주미곡처리장,36.853296,128.560209,버스정류장
519,영주법원,36.823475,128.611199,버스정류장
520,영주볼링장,36.807256,128.61937,버스정류장
521,영주볼링장건너,36.806957,128.619531,버스정류장
522,영주시농업기술센터,36.848167,128.559394,버스정류장
523,영주시농업기술센터,36.84825,128.559319,버스정류장
524,영주시립병원,36.830043,128.564231,버스정류장
525,영주시민회관,36.822914,128.618164,버스정류장
526,영주시민회관,36.822922,128.618004,버스정류장
527,영주시보건소,36.806442,128.621571,버스정류장
528,영주시보건소,36.806541,128.621638,버스정류장
529,영주시의회,36.827794,128.6255,버스정류장
530,영주시청,36.806813,128.62425,버스정류장
531,영주시청좌측,36.807152,128.624094,버스정류장
532,영주여객,36.820092,128.626669,버스정류장
533,영주여객차고지,36.820172,128.626597,버스정류장
534,영주여자중학교,36.831176,128.610739,버스정류장
535,영주역,36.810489,128.624387,버스정류장
536,영주역건너,36.810401,128.624274,버스정류장
537,영주종합터미널,36.827172,128.604756,버스정류장
538,영주종합터미널,36.827055,128.604938,버스정류장
539,영주종합터미널,36.828127,128.60485,버스정류장
540,영주종합터미널,36.827634,128.605835,버스정류장
541,영주중학교,36.818627,128.631935,버스정류장
542,영주중학교,36.818735,128.631836,버스정류장
543,영진호텔,36.821333,128.622872,버스정류장
544,영화빌,36.832338,128.633524,버스정류장
545,예고개,36.739379,128.721616,버스정류장
546,예고개,36.739298,128.721714,버스정류장
547,오계1리,36.866215,128.577684,버스정류장
548,오계1리,36.870166,128.579262,버스정류장
549,오계1리,36.870101,128.579163,버스정류장
550,오계1리,36.866253,128.577812,버스정류장
551,오계2리,36.860634,128.583405,버스정류장
552,오계2리,36.860742,128.583415,버스정류장
553,오상입구,36.879374,128.638856,버스정류장
554,오상입구,36.879283,128.638946,버스정류장
555,오운,36.724257,128.71856,버스정류장
556,오운,36.728656,128.720565,버스정류장
557,오운,36.728684,128.720432,버스정류장
558,오운1리,36.715377,128.71611,버스정류장
559,오운1리,36.715268,128.716212,버스정류장
560,오운리,36.743549,128.724109,버스정류장
561,오운리,36.743558,128.724243,버스정류장
562,옥대3리.금대,36.960585,128.619204,버스정류장
563,옥대3리.금대,36.960535,128.619082,버스정류장
564,옥대4리.모산,36.963677,128.615511,버스정류장
565,옥대4리.모산,36.963594,128.615421,버스정류장
566,옥대리,36.946337,128.615843,버스정류장
567,옥대리,36.951883,128.619295,버스정류장
568,옥대리,36.955374,128.619968,버스정류장
569,옥대리,36.947499,128.616315,버스정류장
570,옥대리,36.95024,128.617113,버스정류장
571,옥대리,36.951827,128.619119,버스정류장
572,옥대리,36.955361,128.6201,버스정류장
573,옥대리,36.950145,128.61718,버스정류장
574,옥동,36.873215,128.477734,버스정류장
575,옹암리.독바우,36.863857,128.553891,버스정류장
576,용산1리,36.81812,128.543556,버스정류장
577,용산1리,36.818201,128.543645,버스정류장
578,용산2리,36.814174,128.545862,버스정류장
579,용산2리,36.811577,128.543355,버스정류장
580,용산2리,36.811553,128.543487,버스정류장
581,용산2리,36.814268,128.545791,버스정류장
582,용산리,36.816597,128.545768,버스정류장
583,용산리,36.816506,128.545691,버스정류장
584,용상1리.배해,36.807981,128.669901,버스정류장
585,용상1리.배해,36.807872,128.669897,버스정류장
586,용상2리,36.80114,128.675153,버스정류장
587,용상2리,36.80108,128.675036,버스정류장
588,용상2리.어위실,36.795385,128.677996,버스정류장
589,용상2리.어위실,36.795285,128.678031,버스정류장
590,용암,36.946023,128.669783,버스정류장
591,용암1리,36.967167,128.680823,버스정류장
592,용암1리,36.967224,128.680709,버스정류장
593,용암1리.망감,36.983031,128.678598,버스정류장
594,용암1리.망감,36.98314,128.678595,버스정류장
595,용암교차로,36.822782,128.636983,버스정류장
596,용암대,36.822087,128.64557,버스정류장
597,용암대,36.822194,128.645544,버스정류장
598,용혈1리,36.718198,128.641777,버스정류장
599,용혈1리,36.718306,128.64178,버스정류장
600,용혈2리,36.738006,128.652969,버스정류장
601,용혈리,36.736989,128.651848,버스정류장
602,용혈리,36.737093,128.651816,버스정류장
603,우곡리,36.962976,128.657027,버스정류장
604,우곡리,36.970502,128.653921,버스정류장
605,우곡리,36.96298,128.656892,버스정류장
606,우곡리,36.970503,128.653787,버스정류장
607,우리자동차매매상사,36.82144,128.604904,버스정류장
608,우체국건너,36.820405,128.620996,버스정류장
609,욱금리,36.901645,128.523899,버스정류장
610,욱금리,36.901621,128.523767,버스정류장
611,운곡보건진료소,36.70183,128.712058,버스정류장
612,운곡보건진료소,36.701928,128.711985,버스정류장
613,운문1리,36.771137,128.6732,버스정류장
614,운문1리,36.774559,128.664887,버스정류장
615,운문1리,36.77103,128.673214,버스정류장
616,운문1리,36.774506,128.665062,버스정류장
617,운문2리,36.77868,128.651927,버스정류장
618,운문2리,36.77857,128.651906,버스정류장
619,운문리,36.764807,128.675575,버스정류장
620,운문리,36.768132,128.671435,버스정류장
621,운문리,36.768192,128.671587,버스정류장
622,운문리,36.764872,128.675683,버스정류장
623,웃귀내,36.845893,128.611144,버스정류장
624,웃무리마을,36.825774,128.638541,버스정류장
625,웃무리마을,36.825882,128.638542,버스정류장
626,원리,36.822466,128.651103,버스정류장
627,원리,36.822555,128.65119,버스정류장
628,원리,36.820947,128.661906,버스정류장
629,원리,36.820873,128.653552,버스정류장
630,원리,36.820981,128.653556,버스정류장
631,원리,36.821054,128.661896,버스정류장
632,월전리,36.71855,128.639071,버스정류장
633,월호,36.745414,128.606495,버스정류장
634,월호,36.745338,128.606703,버스정류장
635,월호,36.745477,128.606675,버스정류장
636,월호리,36.762201,128.619885,버스정류장
637,월호리,36.762368,128.62006,버스정류장
638,월호리,36.762201,128.62004,버스정류장
639,월호리.동산골,36.757872,128.605578,버스정류장
640,월호리.동산골,36.757793,128.605672,버스정류장
641,월호리.월곡,36.751005,128.610101,버스정류장
642,월호리.월곡,36.750922,128.610192,버스정류장
643,월호리.황영골,36.757263,128.61506,버스정류장
644,월호리.황영골,36.757202,128.615103,버스정류장
645,윗귀내,36.845784,128.611122,버스정류장
646,유전1리,36.822875,128.511867,버스정류장
647,유전1리,36.807485,128.506079,버스정류장
648,유전1리,36.80745,128.506208,버스정류장
649,유전1리,36.822844,128.511996,버스정류장
650,유천,36.753758,128.648997,버스정류장
651,유천,36.753866,128.649007,버스정류장
652,은행정,36.964976,128.632386,버스정류장
653,은행정,36.965004,128.632257,버스정류장
654,이산면사무소,36.821079,128.656122,버스정류장
655,이산면사무소,36.820961,128.656077,버스정류장
656,이산초등학교,36.829794,128.682815,버스정류장
657,이산초등학교,36.829902,128.682771,버스정류장
658,일반산업단지,36.853873,128.527692,버스정류장
659,일반산업단지,36.853848,128.527556,버스정류장
660,일원리,36.847436,128.567966,버스정류장
661,일원리,36.842563,128.582417,버스정류장
662,일원리,36.84583,128.571959,버스정류장
663,일원리,36.847329,128.567932,버스정류장
664,일원리,36.842679,128.58243,버스정류장
665,일원리,36.845934,128.571996,버스정류장
666,임곡2리,36.992243,128.664447,버스정류장
667,임곡2리,36.992313,128.664933,버스정류장
668,임곡2리,36.99239,128.664843,버스정류장
669,임곡2리.한밤실,37.001223,128.661789,버스정류장
670,임곡2리.한밤실,37.001213,128.661656,버스정류장
671,임실,36.884241,128.524538,버스정류장
672,임실,36.884204,128.524664,버스정류장
673,자인병원,36.815076,128.606139,버스정류장
674,장가네매운탕앞,36.819828,128.627255,버스정류장
675,장미마을아파트,36.832367,128.638748,버스정류장
676,장미마을아파트,36.833864,128.637997,버스정류장
677,장수,36.773834,128.572319,버스정류장
678,장수,36.773508,128.571993,버스정류장
679,장수농공단지,36.785501,128.591449,버스정류장
680,장수농공단지,36.785537,128.591579,버스정류장
681,장춘당약국,36.823894,128.62523,버스정류장
682,적동1리,36.772365,128.631308,버스정류장
683,적동1리,36.772075,128.631177,버스정류장
684,적동2리,36.787349,128.636988,버스정류장
685,적동2리,36.787293,128.636874,버스정류장
686,적동리,36.789905,128.636457,버스정류장
687,적동리,36.789869,128.63633,버스정류장
688,적동리.장암,36.780351,128.632164,버스정류장
689,적동리.장암,36.780334,128.632295,버스정류장
690,적동리삼거리,36.765863,128.629099,버스정류장
691,적동리삼거리,36.76577,128.629172,버스정류장
692,전구리,36.871497,128.481311,버스정류장
693,전구리,36.877887,128.506388,버스정류장
694,전구리,36.871599,128.481342,버스정류장
695,전구리,36.877782,128.506352,버스정류장
696,전구리마을회관,36.873217,128.484127,버스정류장
697,전구리마을회관,36.873243,128.484182,버스정류장
698,점마,36.954027,128.554635,버스정류장
699,제궁마,36.936486,128.633879,버스정류장
700,제궁마,36.936432,128.633996,버스정류장
701,제일고등학교,36.83057,128.607392,버스정류장
702,제일고등학교앞,36.830426,128.607252,버스정류장
703,제일고후문,36.832475,128.609922,버스정류장
704,제일고후문,36.832483,128.609786,버스정류장
705,제일교회,36.827757,128.622967,버스정류장
706,제일교회,36.827904,128.621495,버스정류장
707,조암동,36.797148,128.631273,버스정류장
708,조와동,36.874797,128.637628,버스정류장
709,조와동,36.87482,128.637497,버스정류장
710,조와리,36.872114,128.637119,버스정류장
711,조와리,36.871955,128.636979,버스정류장
712,조재기,36.978356,128.59489,버스정류장
713,조재기,36.978257,128.594822,버스정류장
714,조제2리,36.719409,128.584949,버스정류장
715,조제리.삼계,36.717602,128.596053,버스정류장
716,조제리.삼계,36.717546,128.595935,버스정류장
717,종릉,36.760241,128.652621,버스정류장
718,종릉,36.760132,128.652651,버스정류장
719,좌석,36.982685,128.584424,버스정류장
720,주공3단지,36.824893,128.612004,버스정류장
721,주공3단지,36.827226,128.611666,버스정류장
722,주공3단지,36.824976,128.611821,버스정류장
723,주공3단지,36.827043,128.611802,버스정류장
724,줄포,36.834118,128.579798,버스정류장
725,줄포,36.834103,128.576307,버스정류장
726,줄포,36.834198,128.57981,버스정류장
727,줄포,36.834157,128.576189,버스정류장
728,중앙시장,36.825333,128.620634,버스정류장
729,지경터경로당,36.872706,128.509178,버스정류장
730,지경터경로당,36.872613,128.509164,버스정류장
731,지곡1리,36.701009,128.709941,버스정류장
732,지곡1리,36.700918,128.71002,버스정류장
733,지동1리,36.8321,128.719356,버스정류장
734,지동1리,36.832058,128.719238,버스정류장
735,지동1리,36.833988,128.71397,버스정류장
736,지동1리,36.834015,128.713863,버스정류장
737,지동1리,36.836749,128.718974,버스정류장
738,지동1리.재배.못골,36.888012,128.582196,버스정류장
739,지동1리.재배.못골,36.888038,128.582327,버스정류장
740,지동2리,36.892114,128.582471,버스정류장
741,지동2리,36.892114,128.582606,버스정류장
742,지동2리,36.848394,128.721548,버스정류장
743,지동2리,36.850123,128.724855,버스정류장
744,지동2리,36.850033,128.724939,버스정류장
745,지동2리,36.848504,128.721543,버스정류장
746,지동3리.장수골,36.844542,128.708246,버스정류장
747,지동3리.장수골,36.844651,128.708219,버스정류장
748,지동3리.호방골,36.898981,128.580967,버스정류장
749,지동3리.호방골,36.898925,128.580851,버스정류장
750,지동리,36.884733,128.58562,버스정류장
751,지동리,36.885888,128.59297,버스정류장
752,지동리,36.884819,128.585706,버스정류장
753,지동리,36.885953,128.592839,버스정류장
754,진우,36.868402,128.63621,버스정류장
755,진우,36.868419,128.636343,버스정류장
756,창락1리,36.88538,128.481527,버스정류장
757,창락1리,36.885495,128.481678,버스정류장
758,창락리,36.88419,128.486712,버스정류장
759,창락리,36.884279,128.486757,버스정류장
760,창진,36.842536,128.599224,버스정류장
761,창진,36.842645,128.599239,버스정류장
762,창진동,36.84038,128.585846,버스정류장
763,창진동,36.840132,128.58905,버스정류장
764,창진동,36.840236,128.589009,버스정류장
765,창진동,36.843022,128.593742,버스정류장
766,창진동,36.846134,128.594844,버스정류장
767,창진동,36.846212,128.594939,버스정류장
768,창진동,36.843117,128.593671,버스정류장
769,창진동,36.840281,128.585792,버스정류장
770,천본1리,36.788199,128.729784,버스정류장
771,천본1리,36.788087,128.729756,버스정류장
772,천본1리.전진골,36.781894,128.722016,버스정류장
773,천본1리.전진골,36.781751,128.722101,버스정류장
774,천본1리.전진골,36.791279,128.720478,버스정류장
775,천본1리.전진골,36.79125,128.720607,버스정류장
776,천본2리,36.773211,128.713386,버스정류장
777,천본2리,36.773186,128.713255,버스정류장
778,철도공사,36.8071,128.626277,버스정류장
779,철도공사건너,36.806589,128.624915,버스정류장
780,청구2리,36.940391,128.586256,버스정류장
781,청구2리.선돌,36.936195,128.585548,버스정류장
782,청구2리.선돌,36.935989,128.585562,버스정류장
783,청구아파트앞,36.823317,128.635477,버스정류장
784,청구아파트후문,36.82188,128.634627,버스정류장
785,초계골,36.779339,128.646231,버스정류장
786,초계골,36.779232,128.646209,버스정류장
787,코아루아파트,36.832743,128.636686,버스정류장
788,탄산리.원암,36.733978,128.613737,버스정류장
789,탄산리.원암,36.733941,128.613607,버스정류장
790,태장2리,36.91122,128.558426,버스정류장
791,태장2리,36.911188,128.558563,버스정류장
792,태장3리,36.900822,128.551704,버스정류장
793,태장3리,36.900771,128.551762,버스정류장
794,태장리,36.915927,128.543402,버스정류장
795,태장리,36.916007,128.54331,버스정류장
796,토계,36.759427,128.576259,버스정류장
797,토계,36.759535,128.576225,버스정류장
798,파머스마켓,36.795519,128.631915,버스정류장
799,파지리,36.796259,128.556689,버스정류장
800,판타시온리조트,36.865121,128.60169,버스정류장
801,판타시온리조트,36.86523,128.601691,버스정류장
802,평은,36.760841,128.68848,버스정류장
803,평은,36.761343,128.688969,버스정류장
804,평은리,36.763981,128.698282,버스정류장
805,평은리,36.764066,128.698194,버스정류장
806,평은리,36.761843,128.696276,버스정류장
807,평은리,36.761745,128.696334,버스정류장
808,평은면사무소,36.757941,128.68868,버스정류장
809,평은정류장,36.740655,128.67261,버스정류장
810,평은정류장,36.740597,128.672736,버스정류장
811,풍기성심요양병원,36.868175,128.535963,버스정류장
812,풍기역,36.873088,128.524149,버스정류장
813,풍기역앞,36.871763,128.523548,버스정류장
814,풍기온천,36.888014,128.478489,버스정류장
815,풍기읍,36.872973,128.528102,버스정류장
816,풍기읍,36.872958,128.528184,버스정류장
817,풍기읍사무소.풍기보건지소,36.866759,128.526621,버스정류장
818,풍기읍오거리,36.870963,128.526206,버스정류장
819,풍기인삼시장,36.873074,128.524046,버스정류장
820,풍기인삼시장,36.888347,128.539685,버스정류장
821,풍기인삼시장,36.888426,128.539591,버스정류장
822,필두,36.831542,128.587952,버스정류장
823,필두,36.83148,128.587839,버스정류장
824,하촌,36.782033,128.500823,버스정류장
825,하촌,36.782091,128.500698,버스정류장
826,하촌1리,36.789019,128.500767,버스정류장
827,하촌1리,36.78903,128.500634,버스정류장
828,하촌2리,36.778156,128.500477,버스정류장
829,하촌2리,36.778155,128.500349,버스정류장
830,하촌3리,36.767105,128.5009,버스정류장
831,하촌3리,36.767143,128.501038,버스정류장
832,하태장,36.908946,128.545174,버스정류장
833,하태장,36.909063,128.545233,버스정류장
834,한국폴리텍대학,36.803386,128.604215,버스정류장
835,한국폴리텍대학,36.803019,128.603913,버스정류장
836,한양아파트,36.875655,128.53221,버스정류장
837,한양아파트,36.8756,128.532326,버스정류장
838,한우리동물병원,36.82782,128.633145,버스정류장
839,한일교회,36.816854,128.647266,버스정류장
840,한일교회,36.816748,128.647243,버스정류장
841,한천리.범천골,36.840537,128.522275,버스정류장
842,한천리.범천골,36.840432,128.522331,버스정류장
843,해표사료앞,36.818175,128.627808,버스정류장
844,행복정원,36.822529,128.606176,버스정류장
845,현대2차강변타운,36.814354,128.613877,버스정류장
846,현대2차강변타운,36.814698,128.612034,버스정류장
847,현대2차강변타운,36.814164,128.614003,버스정류장
848,현대2차강변타운,36.814794,128.612301,버스정류장
849,현대아파트,36.834445,128.6115,버스정류장
850,현대아파트,36.804053,128.61924,버스정류장
851,호구실,36.748477,128.571323,버스정류장
852,호구실,36.748463,128.571189,버스정류장
853,호문.곰실.보통골.갈골,36.764873,128.580729,버스정류장
854,호문.곰실.보통골.갈골,36.764973,128.580723,버스정류장
855,호문.곰실.보통골.갈골,36.76491,128.580597,버스정류장
856,호문1리.곰실,36.764528,128.584172,버스정류장
857,호문1리.곰실,36.764606,128.584265,버스정류장
858,호문3리,36.761226,128.590359,버스정류장
859,호문3리,36.760613,128.593544,버스정류장
860,호문3리,36.761333,128.590345,버스정류장
861,호문3리.갈골,36.75506,128.583992,버스정류장
862,호문3리.갈골,36.755157,128.583906,버스정류장
863,홍삼센터앞,36.867353,128.53401,버스정류장
864,홍삼센터앞,36.867247,128.533977,버스정류장
865,화감,36.956824,128.676798,버스정류장
866,화감,36.9568,128.676665,버스정류장
867,화기리,36.766995,128.576613,버스정류장
868,화기리,36.766949,128.576496,버스정류장
869,화성라온빌아파트,36.819998,128.635399,버스정류장
870,휴천1동주민센터,36.818592,128.630041,버스정류장
871,희방,36.903878,128.459013,버스정류장
872,희방,36.904185,128.459262,버스정류장
0,영주 부석사 무량수전 앞 석등,36.9988679,128.687512,문화재
1,영주 부석사 무량수전,36.9988679,128.687512,문화재
2,영주 부석사 조사당,36.9996177,128.6886339,문화재
3,영주 부석사 소조여래좌상,36.998985,128.6880146,문화재
4,부석사조사당벽화,36.998986,128.6880146,문화재
5,안향초상(08.10.17),36.92507515,128.5803286,문화재
6,영주 흑석사 목조아미타여래좌상 및 복장유물,36.82293012,128.6708619,문화재
7,영주 숙수사지 당간지주,36.92414633,128.5793587,문화재
8,영주 영주동 석조여래입상,36.8195667,128.6180421,문화재
9,영주 석교리 석조여래입상,36.91187598,128.5819391,문화재
10,영주 북지리 석조여래좌상,36.9998511,128.6875579,문화재
11,영주 가흥동 마애여래삼존상 및 여래좌상,36.80991649,128.6128674,문화재
12,영주 부석사 삼층석탑,36.99898724,128.6880147,문화재
13,영주 부석사 당간지주,36.99733482,128.6855198,문화재
14,대성지성문선왕전좌도,36.92507515,128.5803286,문화재
15,장계 홍패 및 장말손 백패ㆍ홍패,36.7692471,128.5751919,문화재
16,장말손초상(08.10.17),36.7692471,128.5751919,문화재
17,장말손 적개공신교서,36.7692471,128.5751919,문화재
18,영주 신암리 마애여래삼존상,36.84326158,128.685439,문화재
19,영주 흑석사 석조여래좌상,36.82283785,128.6703816,문화재
20,주세붕 초상(08.10.17),36.92507515,128.5803286,문화재
21,영주 부석사 고려목판,36.99898724,128.6880147,문화재
22,영주 성혈사 나한전,36.95066728,128.5432133,문화재
23,"장말손 유품(6공신회맹록, 패도)",36.7692471,128.5751919,문화재
24,"영주 비로사 석조아미타여래좌상, 영주 비로사 석조비로자나불좌상",36.93895001,128.4994677,문화재
25,장말손 종가 고문서,36.7692471,128.5751919,문화재
26,소수서원 문성공묘,36.92507515,128.5803286,문화재
27,소수서원 강학당,36.92507515,128.5803286,문화재
28,영주 부석사 오불회괘불탱,36.99886915,128.6875121,문화재
29,영주 부석사 석조석가여래좌상,36.9998511,128.6875579,문화재
30,소수서원,36.92507515,128.5803286,문화재
31,순흥 어숙묘,36.91723213,128.5612277,문화재
32,순흥 읍내리 벽화고분,36.91625728,128.5660361,문화재
33,금성대군신단,36.92730742,128.5784961,문화재
34,죽령 옛길,36.8827892,128.4460063,문화재
35,영풍 단촌리 느티나무,36.88518042,128.5641909,문화재
36,영풍 태장리 느티나무,36.90107283,128.5511593,문화재
37,영풍 병산리 갈참나무,36.92418443,128.6087669,문화재
38,김흠조 부부묘 출토유물,36.92582114,128.5823818,문화재
39,영주 괴헌고택,36.80565803,128.6991773,문화재
40,영주 무섬마을,36.72673791,128.6310049,문화재
41,비로사 진공대사보법탑비,36.93895001,128.4994677,문화재
42,영주 삼가동 석조당간지주,36.93895001,128.4994677,문화재
43,우금촌 두암고택,36.84304167,128.6976551,문화재
44,영주 읍내리 석불입상,36.91602638,128.5749533,문화재
45,초암사 삼층석탑,36.94397193,128.5264733,문화재
46,부석사 원융국사비,36.99807873,128.6882466,문화재
47,초암사 동부도,36.94397193,128.5264733,문화재
48,초암사 서부도,36.94397193,128.5264733,문화재
49,부석사 삼층석탑,36.99838525,128.6867315,문화재
50,칠성루 및 휴계재사,36.80487257,128.6838679,문화재
51,"풍기향교<대성전동,서무>",36.88125757,128.5257957,문화재
52,희방사 동종,36.91989693,128.4572489,문화재
53,회헌개모영정,36.8156601,128.5467545,문화재
54,서총대친림연회도,36.92507515,128.5803286,문화재
55,영주 가흥리 암각화,36.80991649,128.6128674,문화재
56,군자정,36.78930161,128.7329988,문화재
57,종릉재사,36.75187181,128.6537608,문화재
58,배순정려비,36.93265794,128.5553459,문화재
59,영주 용혈리 와요지,36.71859865,128.6392473,문화재
60,영주 영전사 석조여래입상,36.87218197,128.5291583,문화재
61,영주 이개립문중 소장문적,36.78309662,128.5446404,문화재
62,명종어필 소수서원 현판,36.92507515,128.5803286,문화재
63,소수서원 소장판목,36.92507515,128.5803286,문화재
64,영주 금광리 장석우가옥,36.72955109,128.6663018,문화재
65,영주 만취당 김개국종중 소장전적 및 책판,36.84588432,128.694877,문화재
66,영주 박승임종중 소장전적 및 유물,36.8420241,128.6162807,문화재
67,영주 금양정사,36.89584232,128.5256462,문화재
68,영주 성혈사 석조비로자나불좌상,36.95066728,128.5432133,문화재
69,소수박물관 소장 성학십도 판목,36.92582114,128.5823818,문화재
70,소수박물관 소장 해동명적,36.92582114,128.5823818,문화재
71,비로사아미타후불탱화,36.93895989,128.4988781,문화재
72,영주향교 대성전,36.83077715,128.6293656,문화재
73,영풍장도장(김일갑),36.84553792,128.5578488,문화재
74,휴천리 선사시대 지석 및 입석,36.8119917,128.6465772,문화재
75,사현정,36.9175019,128.5790215,문화재
76,도강서당,36.94493488,128.6500011,문화재
77,순흥의 연리지송,36.91602638,128.5749533,문화재
78,영주 이산서원,36.81541076,128.7010889,문화재
79,영주 의산서원,36.78327258,128.544794,문화재
80,해우당 고택,36.73263548,128.6210261,문화재
81,만죽재 고택,36.73145198,128.6215492,문화재
82,화기리 인동장씨 종택,36.7692471,128.5751919,문화재
83,영주 청구리 입석,36.93912878,128.585596,문화재
84,영주 수도리 김덕진 가옥,36.73100473,128.6217064,문화재
85,영주 수도리 김뢰진 가옥,36.73201414,128.6209331,문화재
86,영주 금광리 성황당,36.72790605,128.6639301,문화재
87,영주 평은리 양지암,36.75284221,128.6973425,문화재
88,영주 읍내리 석조여래좌상,36.92582114,128.5823818,문화재
89,영풍 두월리 약사여래석불,36.81428936,128.7216074,문화재
90,금광리 장씨고택,36.72859176,128.6660783,문화재
91,순흥 척화비,36.91602638,128.5749533,문화재
92,영풍 월호리 마애석불좌상,36.75998724,128.6102446,문화재
93,영주 상망동 석불좌상,36.83552241,128.6533615,문화재
94,백룡사 석조여래좌상,36.89649826,128.4628021,문화재
95,첨모당,36.92627191,128.608051,문화재
96,영주동 반구정,36.82286766,128.6199523,문화재
97,순흥향교,36.930354,128.5768658,문화재
98,흑석사 마애삼존불상,36.82283785,128.6703816,문화재
99,영주 수도리 김위진 가옥,36.73078967,128.62197,문화재
100,영주 수도리 김규진 가옥,36.73056354,128.6221071,문화재
101,영주 수도리 김정규 가옥,36.7308523,128.6212291,문화재
102,영주 수도리 박덕우 가옥,36.73145198,128.6215492,문화재
103,영주 수도리 박천립 가옥,36.73145198,128.6215492,문화재
104,영주 영훈정,36.82868041,128.6259121,문화재
105,만취당,36.84588432,128.694877,문화재
106,영주 강동리 마애보살입상,36.70250347,128.6823485,문화재
107,오계서원,36.78930161,128.7329988,문화재
108,단운재사,36.8516879,128.6483401,문화재
109,영주 용혈리 달성서씨재사,36.74261301,128.6521384,문화재
110,영주 휴천동 마애여래좌상,36.80504935,128.6138816,문화재
111,순흥도호부유물,36.91602638,128.5749533,문화재
112,영주 성혈사 신중탱화,36.95066728,128.5432133,문화재
113,영주 덕산고택,36.80536445,128.699299,문화재
114,영주 유연당,36.82425907,128.6308398,문화재
115,영주 만간암,36.84304167,128.6976551,문화재
116,영주 일우정,36.84659796,128.7221056,문화재
117,영주 야성송씨 괴동재사,36.75082332,128.6872788,문화재
118,영주 천운정,36.83682232,128.6989203,문화재
119,영주 내림리 모은정,36.81446917,128.6936517,문화재
120,영주 석포리 야일당,36.83454861,128.702519,문화재
121,영주 도림서당,36.80808066,128.7018527,문화재
122,영주 금광리 만연헌,36.72797656,128.666071,문화재
123,영주 금광리 의관댁,36.72721097,128.6679488,문화재
124,영주 금광리 까치구멍집,36.73475847,128.6822541,문화재
125,영주 강동리 충주석씨 재사,36.75646399,128.685772,문화재
126,영주 금광리 심원정,36.72907578,128.666651,문화재
127,영주 신천리 월춘정,36.77673612,128.6788594,문화재
128,영주 석포리 까치구멍집,36.83438572,128.7018328,문화재
129,영주 안향 향려비,36.90690227,128.5754188,문화재
130,영주 원리 도율종중 고택,36.82162752,128.6545272,문화재
131,영주 안양원 독성탱화 및 신중탱화,36.8304367,128.6277913,문화재
132,영주 구은고택,36.85097371,128.6939955,문화재
133,영주 류빈 묘비 및 석물 일괄,36.77022339,128.6528557,문화재
0,소수서원,36.9252494,128.5790693,농촌관광시설
1,부석사,36.99738133,128.6856451,농촌관광시설
2,소백산국립공원,36.8587345,128.5295407,농촌관광시설
3,선비촌,36.92847353,128.5834337,농촌관광시설
4,희방사,36.9199956,128.4567195,농촌관광시설
5,풍기온천리조트 ,36.88829777,128.4790589,농촌관광시설
6,무섬마을,36.73073278,128.6233934,농촌관광시설
7,소백산자락길,36.8883135,128.5187905,농촌관광시설
8,영주근대역사문화거리,36.8281997,128.6237636,농촌관광시설
9,삼판서고택 ,36.82073658,128.615922,농촌관광시설
10,콩세계과학관,36.99453627,128.6627537,농촌관광시설
11,인삼박물관,36.88587394,128.4798554,농촌관광시설
12,국립산림치유원,36.85777368,128.4725781,농촌관광시설
13,영주호 오토캠핑장,36.7162349,128.6612648,농촌관광시설
14,소백산 여우 생태관찰원 ,36.91402034,128.5567449,농촌관광시설
0,계림상황삼계탕,36.81014074,128.6235198,영주맛집
1,나드리,36.82336643,128.6248463,영주맛집
2,너른마당,36.80381418,128.6295493,영주맛집
3,다성한정식,36.81625787,128.6221002,영주맛집
4,대지한우식육식당,36.8095815,128.625016,영주맛집
5,동화식당,36.82361355,128.6232856,영주맛집
6,둘구비가든,36.8070911,128.658432,영주맛집
7,명동감자탕,36.82452832,128.626207,영주맛집
8,미소함박,36.81857941,128.6056993,영주맛집
9,삼뜨락한정식,36.87119932,128.5409043,영주맛집
10,서문가든,36.87214856,128.5214572,영주맛집
11,소인소,36.8096412,128.625124,영주맛집
12,순흥전통묵집,36.91343115,128.5751092,영주맛집
13,시장순대,36.81407221,128.6180864,영주맛집
14,아테네,36.82637442,128.6251512,영주맛집
15,약선당,36.86304032,128.5252035,영주맛집
16,약선당영주삼계탕,36.86168473,128.5317334,영주맛집
17,영주동부야식,36.81130892,128.6093557,영주맛집
18,영주소백산능이버섯칼국수,36.87439119,128.5291561,영주맛집
19,영주칠향계,36.87001883,128.5243613,영주맛집
20,우정면옥,36.83366888,128.6125738,영주맛집
21,운현궁,36.82058752,128.6245189,영주맛집
22,자미가,36.99499339,128.6811355,영주맛집
23,자연묵집,36.86930962,128.5958562,영주맛집
24,전통묵집식당,36.82590725,128.6289428,영주맛집
25,죽령주막,36.8987948,128.4391351,영주맛집
26,천수남원추어탕,36.89600028,128.4677902,영주맛집
27,축산본점식육식당,36.82682243,128.6240212,영주맛집
28,카페담원,36.77273129,128.6320464,영주맛집
29,카페정담,36.87507316,128.5399077,영주맛집
30,코끼리분식,36.82298614,128.6243307,영주맛집
31,풍기삼계탕,36.82679429,128.6265083,영주맛집
32,한결청국장,36.87337908,128.5244445,영주맛집
33,해장국전문점오늘,36.81264695,128.6235483,영주맛집
34,횡재먹거리한우,36.88850301,128.5406894,영주맛집
35,흥부가,36.80743302,128.6145017,영주맛집
0,성내1리 마을회관,36.87179506,128.5217624,마을회관
1,성내2리 마을회관,36.87032038,128.5263563,마을회관
2,성내3리 마을회관,36.8679219,128.5251697,마을회관
3,성내4리 새마을회관,36.86868622,128.5228446,마을회관
4,동부1리 마을회관,36.86888276,128.5283936,마을회관
5,동부2리 새마을회관,36.86910946,128.5307866,마을회관
6,동부6리 마을회관,36.8716606,128.5288679,마을회관
7,금계1리 공원산 마을회관,36.87620075,128.5184163,마을회관
8,금계1리 마을회관,36.88678795,128.5219331,마을회관
9,서부1리 마을회관,36.87229095,128.5268287,마을회관
10,서부2리 마을회관,36.87339376,128.5235107,마을회관
11,서부3리 마을회관,36.87592473,128.5255306,마을회관
12,백1리 마을회관,36.88692292,128.5077656,마을회관
13,백2리 마을회관,36.87603553,128.5049232,마을회관
14,백신1리 새마을회관,36.88196855,128.4997331,마을회관
15,백신2리 마을회관,36.889257,128.4918843,마을회관
16,창락2리 마을회관,36.88813251,128.4831074,마을회관
17,전구2리 마을회관,36.87311087,128.4774664,마을회관
18,용상2리 마을회관,36.79443339,128.6774927,마을회관
19,문화마을 마을회관,36.82340706,128.6546003,마을회관
20,용상1리 마을회관,36.80483695,128.6811641,마을회관
21,천본1리 마을회관,36.7785252,128.713811,마을회관
22,강동1리 마을회관,36.71305638,128.6975987,마을회관
23,조제1리 마을회관,36.72854893,128.6072612,마을회관
24,만방1리 마을회관,36.76040104,128.6532307,마을회관
25,반구새마을회관,36.77520377,128.5805216,마을회관
26,용산1리 마을회관,36.81803723,128.5463819,마을회관
27,단촌1리 마을회관,36.87807596,128.5683486,마을회관
28,오계1리 마을회관,36.87056448,128.579292,마을회관
29,봉암리 마을회관,36.83070136,128.5356795,마을회관
30,내줄리 마을회관,36.83199682,128.5552861,마을회관
31,오현2리 마을회관,36.85972887,128.51239,마을회관
32,두산2리마을회관,36.86764326,128.4961217,마을회관
33,지동1리마을회관,36.88746814,128.5775277,마을회관
34,배점마을회관,36.9360775,128.5524473,마을회관
35,병산1리 마을회관,36.92508359,128.6089291,마을회관
36,병산3리 마을회관,36.94303391,128.6143704,마을회관
37,사천1리 마을회관,36.89037633,128.5954325,마을회관
38,구구2리 마을회관,36.90363136,128.6107356,마을회관
39,광창 마을회관,36.93747326,128.6367022,마을회관
40,소천5리 마을회관,36.9885948,128.6430078,마을회관
41,감곡2리 마을회관,36.9151515,128.6472262,마을회관
42,임곡1리 마을회관,37.0001705,128.6544728,마을회관
43,임곡2리 마을회관,37.00192379,128.6628337,마을회관
44,명암정 마을회관,36.95585617,128.6601419,마을회관
45,조암동회관,36.80692164,128.6400881,마을회관
46,필두마을SK화합관,36.83148649,128.5869104,마을회관
0,교촌1리,36.87652891,128.5277917,경로당
1,교촌2리,36.88453824,128.5273518,경로당
2,금계1리,36.88465985,128.5198363,경로당
3,금계2리,36.89126413,128.5271179,경로당
4,동부1리,36.86888276,128.5283936,경로당
5,동부2리,36.86910946,128.5307866,경로당
6,동부3리,36.8731687,128.5325691,경로당
7,동부4리,36.87021171,128.5367309,경로당
8,만수,36.8713349,128.5227836,경로당
9,매화,36.86645306,128.530832,경로당
10,미곡리,36.89580207,128.5393612,경로당
11,백1리,36.88692292,128.5077656,경로당
12,백2리,36.8759631,128.505602,경로당
13,백신1리,36.8819454,128.4997872,경로당
14,백신2리,36.88873201,128.4914011,경로당
15,백운정,36.87208632,128.5284767,경로당
16,사랑방모임,36.87192906,128.5278767,경로당
17,산법리,36.87229368,128.5451375,경로당
18,삼가리,36.92195036,128.5071773,경로당
19,삼일,36.87205159,128.5220852,경로당
20,서부1리,36.87229095,128.5268287,경로당
21,서부2리,36.87339376,128.5235107,경로당
22,서부3리,36.87592473,128.5255306,경로당
23,성내2리,36.87032038,128.5263563,경로당
24,성내3리,36.86788751,128.5250197,경로당
25,성내4리,36.86868622,128.5228446,경로당
26,수철리,36.89563542,128.4646036,경로당
27,안메끼실,36.90170026,128.5418538,경로당
28,영주어머니,36.87129523,128.5291347,경로당
29,옥동,36.87311087,128.4774664,경로당
30,장미,36.87131022,128.5273669,경로당
31,전구1리,36.8733917,128.483722,경로당
32,정담회,36.87221583,128.5248135,경로당
33,창락1리,36.88447673,128.4813239,경로당
34,창락2리,36.88843979,128.4837398,경로당
35,취운정,36.87064447,128.5234151,경로당
36,토성,36.86533291,128.5403155,경로당
37,풍기읍분회,36.87208632,128.5284767,경로당
38,한솔아파트,36.87148689,128.5192648,경로당
39,한양임대아파트,36.87450502,128.5333001,경로당
40,향교마을,36.88128025,128.5277536,경로당
41,내림1리,36.8176796,128.6973003,경로당
42,내림2리,36.8159932,128.6961381,경로당
43,두월1리,36.80634959,128.7194234,경로당
44,두월2리,36.8130483,128.709999,경로당
45,석포1리,36.83403306,128.697183,경로당
46,석포2리,36.83097905,128.6837076,경로당
47,신암1리,36.85516834,128.6894346,경로당
48,신암2리,36.84455815,128.6960387,경로당
49,신암3리,36.84688514,128.6830531,경로당
50,신천2리,36.7789141,128.6784755,경로당
51,알성골,36.77316357,128.6722955,경로당
52,용상1리,36.81261724,128.6734002,경로당
53,용상2리,36.79416848,128.6776529,경로당
54,우금,36.84196444,128.697157,경로당
55,운문1리,36.77359689,128.6693562,경로당
56,원리분회,36.82256055,128.6527362,경로당
57,조곡,36.78360401,128.6535622,경로당
58,지동1리,36.8370112,128.718983,경로당
59,지동2리,36.84845004,128.7188812,경로당
60,지동3리,36.85242986,128.7077159,경로당
61,한성,36.82731246,128.6550729,경로당
62,강동1리,36.7024366,128.684507,경로당
63,금계(분회),36.7024366,128.684507,경로당
64,녹동,36.7382736,128.648204,경로당
45,영주시노인복지관,36.81854508,128.6218552,노인복지시설
66,오운1리,36.72295193,128.7174331,경로당
67,오운2리,36.7594655,128.7305473,경로당
68,용혈1리,36.71954501,128.6493858,경로당
69,용혈2리,36.7366213,128.6510478,경로당
70,지곡1리,36.70214897,128.7085061,경로당
71,지곡2리,36.70242767,128.7259964,경로당
72,천본1리,36.7889183,128.7197824,경로당
73,천본2리,36.7741984,128.7142437,경로당
74,평은리,36.7624048,128.6976556,경로당
75,권선리,36.77063905,128.6040963,경로당
76,금영동,36.71976432,128.5849579,경로당
77,대양2리,36.73002767,128.578964,경로당
78,만방1리,36.76040104,128.6532307,경로당
79,만방2리,36.7496012,128.6696625,경로당
80,멱실,36.7013276,128.5913529,경로당
81,분회,36.74530508,128.6063839,경로당
82,삼계,36.71735968,128.5955094,경로당
83,승문1리,36.75307546,128.6370063,경로당
84,승문2리,36.73814075,128.6350091,경로당
85,우곡,36.76445191,128.66581,경로당
86,월호1리,36.75073688,128.6157113,경로당
87,월호2리,36.74467041,128.6055689,경로당
88,월호3리,36.74259821,128.6278114,경로당
89,적동1리,36.7733223,128.636587,경로당
90,적동2리,36.77981176,128.6247321,경로당
91,전도,36.7368203,128.5957209,경로당
92,조제1리,36.71862111,128.6012523,경로당
93,탄산리,36.73282846,128.6139023,경로당
94,한천,36.77232851,128.6527973,경로당
95,후곡,36.77715346,128.6070286,경로당
96,갈미,36.77144492,128.5579762,경로당
97,갈산1리,36.77939805,128.5483655,경로당
98,갈산2리,36.7945711,128.5614484,경로당
99,곰실,36.76648998,128.5902926,경로당
100,두전2리,36.79090414,128.5770226,경로당
101,두전3리,36.7813983,128.5824317,경로당
102,두전4리 가천,36.80125029,128.5869537,경로당
103,미울,36.73756531,128.574835,경로당
104,반구1리,36.77520377,128.5805216,경로당
105,반구2리,36.78365933,128.6012034,경로당
106,반산,36.81199487,128.5740422,경로당
107,성곡리,36.7820795,128.5312382,경로당
108,소룡1리,36.74965472,128.568716,경로당
109,소룡산,36.74802179,128.5819314,경로당
110,장수면분회,36.7752209,128.5777589,경로당
111,파지리,36.79579792,128.5567831,경로당
112,호문2리,36.75517519,128.5780436,경로당
113,호문3리,36.76169166,128.5904031,경로당
114,화기1리,36.76738246,128.5761841,경로당
115,화기2리,36.7640135,128.5674249,경로당
116,내줄리,36.83536471,128.5641652,경로당
117,단촌1리,36.8779244,128.5684815,경로당
118,단촌2리,36.89357444,128.5565914,경로당
119,대평리,36.88725329,128.5660704,경로당
120,동촌1리,36.8743467,128.5944992,경로당
121,동촌2리,36.87947164,128.5913914,경로당
122,묵리,36.81247594,128.5590104,경로당
123,봉암리,36.83070136,128.5356795,경로당
124,생현1리,36.85331219,128.5416952,경로당
125,생현2리,36.84642931,128.5401768,경로당
126,신전1리,36.84532282,128.5594305,경로당
127,신전2리,36.84847214,128.5498275,경로당
128,신전3리,36.84369034,128.5513846,경로당
129,안심1리,36.85133125,128.5639326,경로당
130,안심2리,36.8555151,128.5518832,경로당
131,안정면분회,36.84525126,128.5541428,경로당
132,여륵1리,36.79701628,128.5389376,경로당
133,여륵2리,36.79900689,128.5323596,경로당
134,오계1리,36.87013165,128.5795822,경로당
135,오계2리,36.86024472,128.5842534,경로당
136,옹암리,36.86496265,128.5552868,경로당
137,용산1리,36.81803723,128.5463819,경로당
138,용산2리,36.81416337,128.5452682,경로당
139,일원리,36.84311998,128.5820826,경로당
140,노좌1리,36.79555311,128.4986349,경로당
141,노좌2리,36.79849492,128.49788,경로당
142,노좌3리,36.80558819,128.4816165,경로당
143,대촌1리,36.84680086,128.5228241,경로당
144,대촌2리,36.84103876,128.4991442,경로당
145,두산1리,36.86173619,128.479013,경로당
146,두산2리,36.86764326,128.4961217,경로당
147,두산3리,36.86468154,128.4980803,경로당
148,봉현면분회,36.86519737,128.5225101,경로당
149,오현1리,36.86312872,128.5228978,경로당
150,오현2리,36.85972887,128.51239,경로당
151,오현3리,36.85810922,128.5175697,경로당
152,오현4리,36.85526597,128.5141303,경로당
153,유전1리,36.8112127,128.5026066,경로당
154,유전2리,36.80246274,128.5130614,경로당
155,지경터,36.87283492,128.5092513,경로당
156,하촌1리,36.78561099,128.4949917,경로당
157,하촌2리,36.77674542,128.4972907,경로당
158,하촌3리,36.76843868,128.5016631,경로당
159,한천리,36.8286147,128.5119211,경로당
160,내죽1리,36.92157027,128.5731353,경로당
161,덕현리,36.94982896,128.5541776,경로당
162,배점1리,36.93018556,128.5542884,경로당
163,백운동,36.91369326,128.5773079,경로당
164,석교1리,36.90944127,128.5788811,경로당
165,석교2리,36.9066333,128.5727215,경로당
166,송림,36.93433032,128.5700903,경로당
167,여근동,36.94641748,128.5792737,경로당
168,율수,36.89323164,128.5817515,경로당
169,읍내1리,36.91370464,128.5761385,경로당
170,읍내3리,36.91735186,128.5790304,경로당
171,읍내리(분회),36.91658411,128.5758019,경로당
172,재방,36.89262496,128.5739534,경로당
173,죽계,36.9360775,128.5524473,경로당
174,지경,36.90103541,128.5509616,경로당
175,지동2리,36.89009974,128.5865164,경로당
176,지동3리,36.89888567,128.5825048,경로당
177,청구1리,36.92843261,128.5795647,경로당
178,청구2리,36.94060407,128.5863244,경로당
179,태월당,36.91506625,128.542822,경로당
180,태장2리,36.91744566,128.5562442,경로당
181,태장3리,36.90836933,128.5450288,경로당
182,구구1리,36.91227505,128.610677,경로당
183,구구2리,36.90363136,128.6107356,경로당
184,남목,36.9525502,128.6149383,경로당
185,단곡1리,36.94962056,128.5984515,경로당
186,단곡2리,36.95568923,128.6063922,경로당
187,단곡3리,36.95185017,128.5877339,경로당
188,동원1리,36.88140707,128.6137498,경로당
189,동원2리,36.88069244,128.6031578,경로당
190,마락리,37.03942392,128.6036213,경로당
191,병산1리,36.92508359,128.6089291,경로당
192,병산2리,36.93570643,128.611046,경로당
193,병산3리,36.94303391,128.6143704,경로당
194,사천1리,36.89038234,128.5968691,경로당
195,사천2리,36.90360885,128.600797,경로당
196,사천띄기마을,36.91267602,128.5937506,경로당
197,송죽,36.95140523,128.6200361,경로당
198,오상,36.8926901,128.6277367,경로당
199,옥대3리(금대),36.96015113,128.6201617,경로당
200,옥대4리,36.96551004,128.615877,경로당
201,옥대리(분회),36.95368433,128.6204091,경로당
202,이목,36.90677238,128.6241299,경로당
203,좌석리,36.98291334,128.5843708,경로당
204,감곡1리,36.91941659,128.6535489,경로당
205,감곡2리,36.9151515,128.6472262,경로당
206,남대리,37.04516792,128.6582445,경로당
207,노곡1리,36.97025973,128.6350201,경로당
208,노곡2리,36.98044706,128.6344707,경로당
209,대율,37.00097046,128.6618695,경로당
210,방골,36.99571529,128.6896203,경로당
211,보계1리,36.93658926,128.6372933,경로당
212,보계1리각암,36.94644226,128.6402454,경로당
213,보계2리,36.92133511,128.6201615,경로당
214,봉래골,36.97855306,128.6629806,경로당
215,부석여성,36.97710075,128.6528745,경로당
216,북지1리,37.00323929,128.6742657,경로당
217,북지2리,36.99179794,128.6809354,경로당
218,상석1리,36.94074402,128.6497036,경로당
219,상석2리,36.94004396,128.6539845,경로당
220,소천1리,36.98046246,128.6598753,경로당
221,소천2리,36.98182573,128.6564382,경로당
222,소천3리,36.97879763,128.6528893,경로당
223,소천4리,36.97780499,128.6541917,경로당
224,소천4리(분회),36.97710075,128.6528745,경로당
225,소천5리,36.98985287,128.6414299,경로당
226,소천6리,36.98769736,128.6615021,경로당
227,송고동,36.99770884,128.6705571,경로당
228,용바위,36.96726225,128.6805983,경로당
229,용암1리,36.98354195,128.678222,경로당
230,용암2리,36.95663297,128.6765438,경로당
231,우곡리,36.96292117,128.6567666,경로당
232,은행정,36.96363807,128.6371681,경로당
233,임곡1리,36.99846202,128.6503281,경로당
234,갓골,36.86195642,128.6215743,경로당
235,경일,36.82786043,128.6382086,경로당
236,교동,36.82946673,128.6315729,경로당
237,단운,36.84562394,128.6544841,경로당
238,명성방산아파트,36.83243803,128.6320939,경로당
239,보름,36.831329,128.6333322,경로당
240,보름골,36.83259752,128.6340075,경로당
241,봉산,36.84037388,128.6402884,경로당
242,사례(분회),36.82896334,128.6283002,경로당
243,아랫보름골,36.83438779,128.6385842,경로당
244,영동맨션,36.83175581,128.6331811,경로당
245,웃무리,36.82601746,128.6376105,경로당
246,진우,36.86741214,128.6363308,경로당
247,치바위,36.82911154,128.6337189,경로당
248,코아루아파트,36.83321702,128.6350847,경로당
249,화성아파트,36.83351321,128.6318633,경로당
250,늘푸른,36.82570697,128.6333277,경로당
251,로얄,36.82576126,128.6314548,경로당
252,중부,36.82649316,128.6287856,경로당
253,청구하이츠,36.82129171,128.6354754,경로당
254,코오롱아파트,36.82620968,128.6325907,경로당
255,하망동원당분회,36.8243132,128.6301383,경로당
256,하망동중앙,36.82476924,128.6274851,경로당
257,효동,36.82058077,128.6323979,경로당
258,효자마을,36.82256202,128.6303736,경로당
259,두서,36.82868455,128.6167765,경로당
260,부용,36.82991543,128.6195421,경로당
261,서천,36.8280813,128.6155991,경로당
262,시각장애인,36.82823066,128.6175088,경로당
263,영주1동분회,36.82870386,128.6270293,경로당
264,참전유공자경로당,36.82756217,128.6257674,경로당
265,철탄,36.8304466,128.6222228,경로당
266,강변아파트,36.82406247,128.6158625,경로당
267,구성,36.82489944,128.6188671,경로당
268,국가유공회원,36.82101652,128.6251167,경로당
269,동진타워,36.82378846,128.6172547,경로당
270,영주2동분회,36.82227215,128.6199686,경로당
271,주공아파트,36.82250534,128.6156975,경로당
272,광승경로당,36.81438574,128.6292573,경로당
273,남간경로당,36.81851854,128.6332708,경로당
274,동부경로당,36.81980932,128.6297128,경로당
275,동산타운경로당,36.81791921,128.631872,경로당
276,세영첼시빌경로당,36.81959631,128.6363186,경로당
277,이곡경로당,36.81159726,128.6557775,경로당
278,화성라온빌경로당,36.82012617,128.6363593,경로당
279,휴일경로당,36.82138779,128.6282664,경로당
280,휴천1동분회경로당,36.81638327,128.6280737,경로당
281,6.25철도참전유공자,36.80824196,128.6264924,경로당
282,남부,36.80859144,128.6213155,경로당
283,송림맨션,36.80652044,128.6184941,경로당
284,신영주,36.81234197,128.6204902,경로당
285,운봉,36.8132493,128.6221373,경로당
286,지천,36.80482354,128.6181517,경로당
287,철우,36.81008073,128.6250432,경로당
288,학사경로당,36.80944536,128.6173503,경로당
289,행복,36.81510498,128.6211194,경로당
290,현대2차아파트,36.80553697,128.6219533,경로당
291,현대아파트제1(분회),36.804482,128.6203063,경로당
292,현대아파트제2,36.804482,128.6203063,경로당
293,개나리아파트,36.80682172,128.630175,경로당
294,남산,36.80839137,128.630477,경로당
295,남산선비,36.8093417,128.6294822,경로당
296,남산현대아파트,36.80603852,128.6321748,경로당
297,삼각지,36.81921584,128.6229148,경로당
298,아천,36.78491126,128.6209987,경로당
299,영주시지회,36.81992405,128.6220552,경로당
300,재향경우회,36.8202475,128.6230129,경로당
301,전단,36.80036303,128.6603043,경로당
302,조암,36.79731894,128.6314119,경로당
303,조암노현,36.80692164,128.6400881,경로당
304,화림,36.81089382,128.6292882,경로당
305,휴천3동분회,36.81789749,128.625651,경로당
306,휴천3동주공,36.81018397,128.6300863,경로당
307,가흥1동분회,36.81147417,128.6162168,경로당
308,가흥동로타리,36.81303121,128.6186999,경로당
309,강변타운(가흥1동),36.81511139,128.612984,경로당
310,문정,36.80273561,128.602466,경로당
311,서릿골,36.79144517,128.6043056,경로당
312,세영리첼,36.81471459,128.6029909,경로당
313,시설동우회,36.81514276,128.6190874,경로당
314,신흥,36.8188061,128.6180933,경로당
315,은빛,36.80902701,128.6109734,경로당
316,전우,36.81541162,128.6203046,경로당
317,한절마,36.81385694,128.6118928,경로당
318,한정,36.79713238,128.6157967,경로당
319,화성리버빌2,36.81126974,128.6098206,경로당
320,가흥2동,36.82995075,128.604894,경로당
321,가흥2동주공4단지,36.82741404,128.6098391,경로당
322,가흥3단지(분회),36.82655009,128.6109144,경로당
323,고현,36.84593245,128.6114196,경로당
324,고현1통,36.84015184,128.617398,경로당
325,도화동,36.83273709,128.6112624,경로당
326,삼진,36.84610506,128.6010873,경로당
327,시영아파트,36.83586133,128.6109639,경로당
328,아지동,36.86265226,128.6047363,경로당
329,이현,36.82403827,128.6070795,경로당
330,줄포,36.8333805,128.5765781,경로당
331,창진,36.84245958,128.5989667,경로당
332,필두,36.83251014,128.5856061,경로당
333,현대아파트,36.83394073,128.6106986,경로당
334,화성리버빌,36.8332315,128.6115267,경로당
0,휴천주공,36.81044719,128.6300704,공동주택
1,동서주택,36.83087715,128.6332338,공동주택
2,보라연립주택,36.81811613,128.6283531,공동주택
3,영주직업훈련원 기숙사,36.80074109,128.602823,공동주택
4,세종주택,36.80929275,128.6253038,공동주택
5,유진연립,36.81655191,128.623978,공동주택
6,영주동 주공,36.82250534,128.6156975,공동주택
7,철도연립,36.81211371,128.6295366,공동주택
8,덕흥주택,36.81492036,128.628214,공동주택
9,동산연립,36.81855092,128.626414,공동주택
10,현대청운맨션,36.81672024,128.6261975,공동주택
11,가든목화,36.81485901,128.626357,공동주택
12,세림주택,36.86834784,128.5336792,공동주택
13,현대연립주택,36.81170178,128.6215164,공동주택
14,현대삼호1,36.81942788,128.6250888,공동주택
15,로얄,36.82576126,128.6314548,공동주택
16,소백주택,36.87357315,128.5274268,공동주택
17,현대삼호2,36.81965476,128.6256093,공동주택
18,현대궁전맨션,36.81580907,128.6234805,공동주택
19,한전아파트,36.81858658,128.6257696,공동주택
20,로얄맨션,36.82495961,128.6292423,공동주택
21,삼일,36.87205159,128.5220852,공동주택
22,영남전원빌라,36.80723734,128.62555,공동주택
23,현대골든주택,36.82104308,128.6282058,공동주택
24,개나리1차맨션,36.80689543,128.6212522,공동주택
25,가든하이츠,36.82708088,128.6162573,공동주택
26,세림빌라,36.81820837,128.6302085,공동주택
27,삼일주택,36.83254246,128.6108248,공동주택
28,개나리2차맨션,36.80720844,128.6305363,공동주택
29,인삼시장,36.87302722,128.5236169,공동주택
30,인삼빌라,36.87043796,128.5223253,공동주택
31,현대송림맨션,36.80652044,128.6184941,공동주택
32,강변1차,36.82406247,128.6158625,공동주택
33,개나리3차,36.80682172,128.630175,공동주택
34,명성빌라,36.80726822,128.6244642,공동주택
35,코오롱1차,36.82620968,128.6325907,공동주택
36,늘봄맨션,36.80702214,128.6188629,공동주택
37,동원빌라,36.8705442,128.5300756,공동주택
38,삼일목련1,36.86645306,128.530832,공동주택
39,로얄황제맨션,36.82384744,128.6274381,공동주택
40,개나리 4차,36.8063004,128.6303916,공동주택
41,가든장미,36.87598757,128.5274498,공동주택
42,철쭉,36.8725169,128.5194363,공동주택
43,삼일목련2,36.86645306,128.530832,공동주택
44,가흥동현대,36.8339099,128.6112918,공동주택
45,코오롱2차,36.82570697,128.6333277,공동주택
46,능금빌라,36.98049638,128.6576865,공동주택
47,영남타운,36.86883004,128.5319484,공동주택
48,휴천현대1차,36.804482,128.6203063,공동주택
49,시영,36.83586133,128.6109639,공동주택
50,삼일목련3,36.86645306,128.530832,공동주택
51,가흥1주공,36.80873389,128.6113806,공동주택
52,동양가든,36.8765628,128.5304514,공동주택
53,한솔맨션,36.87148689,128.5192648,공동주택
54,현대대영,36.80771477,128.6299801,공동주택
55,그린맨션,36.81553167,128.6205396,공동주택
56,화성타운,36.83569533,128.6086506,공동주택
57,세방오피스텔,36.8069993,128.6244552,공동주택
58,현대강변2차,36.81511139,128.612984,공동주택
59,한양임대1차,36.87450502,128.5333001,공동주택
60,장미,36.83405831,128.6380341,공동주택
61,한양임대2차,36.87544651,128.5324391,공동주택
62,우신강변타운,36.87009676,128.5207687,공동주택
63,영남동산1차,36.83175581,128.6331811,공동주택
64,가흥2주공,36.80873389,128.6113806,공동주택
65,화성타운1차,36.83270056,128.6330398,공동주택
66,휴천2차현대,36.80506623,128.6215806,공동주택
67,영남동산2차,36.83137535,128.6317944,공동주택
68,동부3차,36.8167582,128.6299587,공동주택
69,철탄,36.83020624,128.6214212,공동주택
70,덕아,36.86686219,128.5375328,공동주택
71,동진타워,36.82378846,128.6172547,공동주택
72,화성타운2차,36.83351321,128.6318633,공동주택
73,현대동산타운,36.81812072,128.6316782,공동주택
74,동부4차무지개,36.83290318,128.6341886,공동주택
75,명성빌리지,36.86744867,128.5377684,공동주택
76,효자마을,36.82256202,128.6303736,공동주택
77,남산현대,36.80603852,128.6321748,공동주택
78,명성빌리지1차,36.8362931,128.607576,공동주택
79,명성빌리지2차,36.83653226,128.6093778,공동주택
80,화성리버빌,36.8332315,128.6115267,공동주택
81,청하주택,36.88143353,128.5297896,공동주택
82,덕흥덕산빌라,36.8261492,128.6357054,공동주택
83,경일미래타운,36.82786043,128.6382086,공동주택
84,명성방산아파트,36.83243803,128.6320939,공동주택
85,화성리버빌2차,36.81126974,128.6098206,공동주택
86,세영첼시빌,36.81959631,128.6363186,공동주택
87,청구하이츠,36.82129171,128.6354754,공동주택
88,가흥3단지주공아파트,36.82655009,128.6109144,공동주택
89,석미모닝파크,36.81886115,128.6294332,공동주택
90,화성라온빌,36.82012617,128.6363593,공동주택
91,코아루아파트,36.83321702,128.6350847,공동주택
92,세영리첼,36.81471459,128.6029909,공동주택
93,영주가흥LH4단지,36.82741404,128.6098391,공동주택
94,코아루노블,36.81853629,128.601589,공동주택
95,부영아파트,36.81846389,128.6023213,공동주택
0,성누가병원,36.82139116,128.6246545,다중이용시설
1,새희망병원,36.82468201,128.5957715,다중이용시설
2,영주기독병원,36.82530568,128.6209383,다중이용시설
3,(의)영풍의료재단 풍기성심요양병원,36.86746405,128.5362034,다중이용시설
4,영주가톨릭병원,36.82674226,128.6250354,다중이용시설
5,영주시립노인요양병원,36.83015643,128.5649098,다중이용시설
6,영주삼봉정신병원,36.81325511,128.6197849,다중이용시설
7,(의)기호의료재단 청하요양병원,36.83512623,128.6090252,다중이용시설
8,(의)영주의료재단 명품요양병원,36.82480903,128.5975975,다중이용시설
9,영주자인병원,36.81588479,128.6055974,다중이용시설
10,영주농협파머스마켓,36.79581867,128.6315629,다중이용시설
11,영주농협파머스마켓,36.79581867,128.6315629,다중이용시설
12,홈플러스영주점,36.8091442,128.6212894,다중이용시설
13,홈플러스영주점,36.8091442,128.6212894,다중이용시설
14,영광호크마어린이집,36.8239229,128.6493544,다중이용시설
15,소백어린이집,36.86691587,128.527166,다중이용시설
16,성곡어린이집,36.78083052,128.5315934,다중이용시설
17,성모어린이집,36.87169281,128.5207904,다중이용시설
18,원광어린이집,36.81896562,128.619705,다중이용시설
19,제일어린이집,36.82830815,128.6223085,다중이용시설
20,삼성프라임어린이집,36.80710942,128.624421,다중이용시설
21,영주국제어린이집,36.83659163,128.6086455,다중이용시설
22,아이사랑어린이집,36.83427497,128.612263,다중이용시설
23,알곡어린이집,36.83455865,128.6334372,다중이용시설
24,영주어린이집,36.81862019,128.6241352,다중이용시설
25,우리어린이집,36.82523907,128.6108849,다중이용시설
26,청목 어린이집,36.80625844,128.6204579,다중이용시설
27,하정 어린이집,36.83169534,128.6316732,다중이용시설
28,남산어린이집,36.81171897,128.6164558,다중이용시설
29,사랑어린이집,36.79789481,128.6342439,다중이용시설
30,코레일 영주 어린이집,36.81434885,128.6257323,다중이용시설
31,소수박물관,36.92592352,128.582312,다중이용시설
32,예당시네마,36.82383218,128.624225,다중이용시설
33,롯데시네마 영주관,36.82724937,128.6177742,다중이용시설
34,다락원실버텔,36.8704091,128.6211294,다중이용시설
35,(사)장수마을 인애가,36.8298573,128.5621074,다중이용시설
36,새희망실버힐즈,36.82452929,128.596865,다중이용시설
37,영주노인전문요양원,36.8179374,128.590858,다중이용시설
38,(사) 장수마을 이당원지점,36.8298573,128.5621074,다중이용시설
39,소망의집,36.86946824,128.6223734,다중이용시설
40,행복한요양원,36.79566467,128.5015975,다중이용시설
41,풍기노인전문요양원,36.87387237,128.5153799,다중이용시설
42,아이센스PC방,36.81988433,128.6273741,다중이용시설
43,갤러리 PC,36.81039108,128.6229426,다중이용시설
44,영주선비도서관,36.81967079,128.6059475,다중이용시설
0,만수촌,36.87126718,128.6214685,노인복지시설
1,소망의집,36.870049,128.621693,노인복지시설
2,인애가장수마을,36.8298573,128.5621074,노인복지시설
3,영주노인전문요양원,36.8179374,128.590858,노인복지시설
4,이당원,36.8298573,128.5621074,노인복지시설
5,평강소규모요양센터,36.8704091,128.6211294,노인복지시설
6,영주소규모요양센터,36.8179374,128.590858,노인복지시설
7,다락원실버텔,36.87028712,128.6223103,노인복지시설
8,새희망실버힐스,36.82468201,128.5957715,노인복지시설
9,성심요양원,36.86746405,128.5362034,노인복지시설
10,문수효마을,36.77860886,128.6267458,노인복지시설
11,영주실버마을,36.81799694,128.6506567,노인복지시설
12,물댄동산,36.89014011,128.5297795,노인복지시설
13,노인전문요양원사랑채,36.80532189,128.5027361,노인복지시설
14,간호전문요양원,36.77786298,128.6261747,노인복지시설
15,간호전문노인요양원,36.77786298,128.6261747,노인복지시설
16,풍기노인전문요양원,36.87387237,128.5153799,노인복지시설
17,효자손요양원,36.80358718,128.6186081,노인복지시설
18,장수효실버타운,36.78696587,128.5880873,노인복지시설
19,신희망원,36.83943932,128.543727,노인복지시설
20,선비촌요양원,36.90252545,128.5836057,노인복지시설
21,은빛둥지,36.90252545,128.5836057,노인복지시설
22,용수사자비원,36.7351564,128.655677,노인복지시설
23,영주재가노인 통합지원센터,36.82809076,128.6264081,노인복지시설
24,조와동농촌재가 노인복지센터,36.8704091,128.6211294,노인복지시설
25,참사랑노인복지센터,36.81046658,128.6110512,노인복지시설
26,㈜백세종합복지,36.81886944,128.6176301,노인복지시설
27,㈜가정종합복지센터,36.77786298,128.6261747,노인복지시설
28,효재가노인복지센터,36.8269579,128.6256065,노인복지시설
29,진원노인재가복지센터,36.84462908,128.6612449,노인복지시설
30,풍경재가복지센터,36.81118199,128.6058695,노인복지시설
31,다사랑재가복지센터,36.81144536,128.6239976,노인복지시설
32,세화재가복지센터,36.814285,128.6049935,노인복지시설
33,늘품재가복지센터,36.80700113,128.6161424,노인복지시설
34,장수재가복지센터,36.82364831,128.6259963,노인복지시설
35,믿음재가복지센터,36.8111698,128.6060513,노인복지시설
36,행복플러스 재가노인복지센터,36.82129171,128.6354754,노인복지시설
37,효복지통합재가센터,36.82986695,128.6329379,노인복지시설
38,드림재가노인복지센터,36.80631734,128.6193482,노인복지시설
39,온정재가복지센터,36.8084455,128.6153762,노인복지시설
40,다은재가복지센터,36.80714513,128.6145691,노인복지시설
41,한빛의료기,36.82505893,128.6205852,노인복지시설
42,삼성재가복지센터,36.82809043,128.6269261,노인복지시설
43,부모마음재가복지센터,36.8474635,128.5283742,노인복지시설
44,우리재가노인복지센터,36.81451527,128.6069764,노인복지시설
1,상망동 공영주차장,36.8311056,128.6316308,공영주차장
2,상망동 공영주차장,36.8289603,128.6313125,공영주차장
3,휴천1동 공영주차장,36.8178173,128.6306756,공영주차장
4,휴천1동 공영주차장,36.8145088,128.6295889,공영주차장
5,하망동 공영주차장,36.8236595,128.6290788,공영주차장
6,하망동 공영주차장,36.8243195,128.6281765,공영주차장
7,휴천1동 공영주차장,36.820585,128.6279847,공영주차장
8,하망동 공영주차장,36.8253458,128.6263421,공영주차장
9,노상유료주차장(제2구간),36.8275225,128.6262895,공영주차장
10,영주동 공영주차장,36.8279843,128.6259671,공영주차장
11,노상유료주차장(제3구간),36.8240723,128.6258385,공영주차장
12,휴천3동 공영주차장,36.8175618,128.6256774,공영주차장
13,하망동 공설시장 주차타워,36.8223194,128.6255139,공영주차장
14,노상유료주차장(제1구간),36.8258157,128.6242859,공영주차장
15,영주동 골목시장 주차장,36.8256548,128.6225925,공영주차장
16,휴천2동 공영주차장,36.808609,128.6224015,공영주차장
17,휴천2동 공영주차장,36.8108046,128.6221671,공영주차장
18,노상유료주차장(제7구간),36.8092132,128.6221608,공영주차장
19,노상유료주차장(제8구간),36.8092132,128.6221608,공영주차장
20,노상유료주차장(제9구간),36.8092132,128.6221608,공영주차장
21,휴천동 종합시장 주차장,36.8136943,128.6217652,공영주차장
22,휴천3동 공영주차장,36.8195178,128.6215733,공영주차장
23,휴천2동 공영주차장,36.8049408,128.6210222,공영주차장
24,노상유료주차장(제5구간),36.820524,128.6210197,공영주차장
25,노상유료주차장(제4구간),36.8252694,128.6206852,공영주차장
26,노상유료주차장(제6구간),36.8126545,128.6198224,공영주차장
27,노상유료주차장(제11구간),36.8126545,128.6198224,공영주차장
28,영주2동 공영주차장,36.8218003,128.61934,공영주차장
29,노상유료주차장(제10구간),36.8083551,128.617907,공영주차장
30,영주동 공영주차장,36.8253499,128.6176032,공영주차장
31,영주동 공영주차장,36.8252976,128.617381,공영주차장
32,가흥2동 공영주차장,36.8330047,128.6126478,공영주차장
33,가흥2동 공영주차장,36.8304271,128.6097023,공영주차장
34,풍기읍 공영주차장,36.8684359,128.5326384,공영주차장
35,풍기읍 중앙시장 주차장,36.8698828,128.5282409,공영주차장
36,풍기읍 문화광장 주차장,36.8721507,128.5221312,공영주차장
37,가흥2동 공영주차장,36.8377388,128.5703482,공영주차장